GROUP,PACKAGE,CLASS,INSTRUCTION_MISSED,INSTRUCTION_COVERED,BRANCH_MISSED,BRANCH_COVERED,LINE_MISSED,LINE_COVERED,COMPLEXITY_MISSED,COMPLEXITY_COVERED,METHOD_MISSED,METHOD_COVERED
vet-service,com.petclinic.vet.dto,SpecialtyRequestDto,0,6,0,0,0,1,0,1,0,1
vet-service,com.petclinic.vet.dto,VetRequestDto,0,12,0,0,0,1,0,1,0,1
vet-service,com.petclinic.vet.dto,SpecialtyDto,0,9,0,0,0,1,0,1,0,1
vet-service,com.petclinic.vet.dto,VetDto,0,15,0,0,0,1,0,1,0,1
vet-service,com.petclinic.vet.controller,SpecialtyController,0,41,0,0,0,10,0,6,0,6
vet-service,com.petclinic.vet.controller,VetController,0,53,0,0,0,12,0,8,0,8
vet-service,com.petclinic.vet.service,SpecialtyServiceImpl,0,109,0,0,0,22,0,9,0,9
vet-service,com.petclinic.vet.service,VetServiceImpl,0,201,0,6,0,43,0,16,0,13
vet-service,com.petclinic.vet.exception,GlobalExceptionHandler,3,115,1,1,1,26,1,7,0,7
vet-service,com.petclinic.vet.exception,ResourceNotFoundException,0,27,0,0,0,6,0,3,0,3
vet-service,com.petclinic.vet.entity,Specialty,0,37,0,0,0,17,0,10,0,10
vet-service,com.petclinic.vet.entity,Vet,0,64,0,0,0,25,0,14,0,14
vet-service,com.petclinic.vet.mapper,VetMapperImpl,0,69,0,6,0,24,0,7,0,4
vet-service,com.petclinic.vet.mapper,SpecialtyMapperImpl,0,65,0,8,0,24,0,9,0,5
vet-service,com.petclinic.vet.mapper,VetMapper,0,20,0,2,0,5,0,3,0,2
vet-service,com.petclinic.vet,VetServiceApplication,5,3,0,0,2,1,1,1,1,1
